canonical_route_name,route_name,route_id,station_count
5000,5000,5000001,6
5001-1A,5001-1(A),5001100,6
5001-1B,5001-1(B),5001101,6
5001A,5001(A),5001001,6
5001B,5001(B),5001002,6
5003A,5003(A),5003001,6
5003B,5003(B),5003002,6
5005,5005,5005001,6
